goods,aprice,bprice,discount,url
JMC 심플 모노크롬,22000,50000,57,https://www.sdmall.com/detail/00E526
티제이,22000,52000,58,https://www.sdmall.com/detail/00FC8B
티제이,22000,52000,58,https://www.sdmall.com/detail/00FC8A
티제이,22000,52000,58,https://www.sdmall.com/detail/00FC89
티제이,22000,52000,58,https://www.sdmall.com/detail/00FC88
티제이,22000,52000,58,https://www.sdmall.com/detail/00FC87
파이톤,22000,57000,62,https://www.sdmall.com/detail/01005F
티제이,22000,57000,62,https://www.sdmall.com/detail/00F5EC
티제이,22000,57000,62,https://www.sdmall.com/detail/00F5EB
티제이,22000,57000,62,https://www.sdmall.com/detail/00F5E7
지브라,22000,57000,62,https://www.sdmall.com/detail/010099
톡톡,22000,57000,62,https://www.sdmall.com/detail/01009B
웨이브,22000,57000,62,https://www.sdmall.com/detail/010072
스팀펑크2 포인트 블랙,22000,57000,62,https://www.sdmall.com/detail/00F5C5
미로,22000,57000,62,https://www.sdmall.com/detail/010073
로봇포인트 블랙,22000,57000,62,https://www.sdmall.com/detail/00EC31
TJ2 포인트,22000,57000,62,https://www.sdmall.com/detail/00ECAE
TJ2 포인트,22000,57000,62,https://www.sdmall.com/detail/00ECAD
팜,22000,62000,65,https://www.sdmall.com/detail/00FA93
트라이앵글,22000,62000,65,https://www.sdmall.com/detail/00FA92
빈티지스퀘어,22000,62000,65,https://www.sdmall.com/detail/01009A
VINTAGE 하이엔드,22000,62000,65,https://www.sdmall.com/detail/00ECB3
TJ2 하이엔드,22000,62000,65,https://www.sdmall.com/detail/00ECAC
제이커스닥,22000,62000,65,https://www.sdmall.com/detail/00FC85
포스트잇,22000,62000,65,https://www.sdmall.com/detail/00FC76
